{
    "text": " \u00bfC\u00f3mo est\u00e1, presidente? Presidente, \u00bfest\u00e1s contento? De verlo a usted. Respeto. Bendito portillo. Gracias. Buenas tardes. Damos la bienvenida al licenciado Andr\u00e9s Manuel L\u00f3pez Obrador, presidente de los Estados Unidos mexicanos, y al excelent\u00edsimo se\u00f1or Laurentino Cortizo Cohen, presidente de la Rep\u00fablica de Panam\u00e1. Para dar inicio a esta ceremonia oficial de bienvenida, se entonar\u00e1n los cirlos nacionales de M\u00e9xico y de Panam\u00e1. Es as\u00ed como finaliza esta ceremonia. Que tengan todos muy buenas tardes.",
    "segments": [
        {
            "id": 0,
            "seek": 9000,
            "start": 90.0,
            "end": 96.08,
            "text": " \u00bfC\u00f3mo est\u00e1, presidente?",
            "tokens": [
                50364,
                3841,
                28342,
                3192,
                11,
                23852,
                30,
                50668
            ],
            "temperature": 0.0,
            "avg_logprob": -0.7702544668446416,
            "compression_ratio": 1.0673076923076923,
            "no_speech_prob": 0.2541733682155609
        },
        {
            "id": 1,
            "seek": 9000,
            "start": 96.16,
            "end": 98.08,
            "text": " Presidente, \u00bfest\u00e1s contento?",
            "tokens": [
                50672,
                3117,
                68,
                11,
                3841,
                377,
                2490,
                2701,
                78,
                30,
                50768
            ],
            "temperature": 0.0,
            "avg_logprob": -0.7702544668446416,
            "compression_ratio": 1.0673076923076923,
            "no_speech_prob": 0.2541733682155609
        },
        {
            "id": 2,
            "seek": 9000,
            "start": 98.16,
            "end": 99.4,
            "text": " De verlo a usted.",
            "tokens": [
                50772,
                1346,
                1306,
                752,
                257,
                10467,
                13,
                50834
            ],
            "temperature": 0.0,
            "avg_logprob": -0.7702544668446416,
            "compression_ratio": 1.0673076923076923,
            "no_speech_prob": 0.2541733682155609
        },
        {
            "id": 3,
            "seek": 9000,
            "start": 99.48,
            "end": 100.4,
            "text": " Respeto.",
            "tokens": [
                50838,
                5015,
                7275,
                78,
                13,
                50884
            ],
            "temperature": 0.0,
            "avg_logprob": -0.7702544668446416,
            "compression_ratio": 1.0673076923076923,
            "no_speech_prob": 0.2541733682155609
        },
        {
            "id": 4,
            "seek": 9000,
            "start": 100.48,
            "end": 102.0,
            "text": " Bendito portillo.",
            "tokens": [
                50888,
                32451,
                3528,
                2436,
                15831,
                13,
                50964
            ],
            "temperature": 0.0,
            "avg_logprob": -0.7702544668446416,
            "compression_ratio": 1.0673076923076923,
            "no_speech_prob": 0.2541733682155609
        },
        {
            "id": 5,
            "seek": 9000,
            "start": 102.08,
            "end": 103.28,
            "text": " Gracias.",
            "tokens": [
                50968,
                26909,
                13,
                51028
            ],
            "temperature": 0.0,
            "avg_logprob": -0.7702544668446416,
            "compression_ratio": 1.0673076923076923,
            "no_speech_prob": 0.2541733682155609
        },
        {
            "id": 6,
            "seek": 13328,
            "start": 134.28,
            "end": 135.32,
            "text": " Buenas tardes.",
            "tokens": [
                50414,
                4078,
                11581,
                21057,
                279,
                13,
                50466
            ],
            "temperature": 0.0,
            "avg_logprob": -0.31742636671344054,
            "compression_ratio": 1.4669603524229076,
            "no_speech_prob": 0.12961941957473755
        },
        {
            "id": 7,
            "seek": 13328,
            "start": 135.4,
            "end": 139.24,
            "text": " Damos la bienvenida al licenciado Andr\u00e9s Manuel L\u00f3pez Obrador,",
            "tokens": [
                50470,
                413,
                2151,
                635,
                3610,
                553,
                2887,
                419,
                6169,
                30322,
                1573,
                400,
                18981,
                34362,
                441,
                812,
                15144,
                422,
                1443,
                5409,
                11,
                50662
            ],
            "temperature": 0.0,
            "avg_logprob": -0.31742636671344054,
            "compression_ratio": 1.4669603524229076,
            "no_speech_prob": 0.12961941957473755
        },
        {
            "id": 8,
            "seek": 13328,
            "start": 139.32,
            "end": 141.52,
            "text": " presidente de los Estados Unidos mexicanos,",
            "tokens": [
                50666,
                23852,
                368,
                1750,
                22362,
                23087,
                28759,
                8914,
                329,
                11,
                50776
            ],
            "temperature": 0.0,
            "avg_logprob": -0.31742636671344054,
            "compression_ratio": 1.4669603524229076,
            "no_speech_prob": 0.12961941957473755
        },
        {
            "id": 9,
            "seek": 13328,
            "start": 141.6,
            "end": 145.04,
            "text": " y al excelent\u00edsimo se\u00f1or Laurentino Cortizo Cohen,",
            "tokens": [
                50780,
                288,
                419,
                24015,
                317,
                49889,
                22188,
                49357,
                2982,
                28522,
                19055,
                32968,
                11,
                50952
            ],
            "temperature": 0.0,
            "avg_logprob": -0.31742636671344054,
            "compression_ratio": 1.4669603524229076,
            "no_speech_prob": 0.12961941957473755
        },
        {
            "id": 10,
            "seek": 13328,
            "start": 145.12,
            "end": 147.64,
            "text": " presidente de la Rep\u00fablica de Panam\u00e1.",
            "tokens": [
                50956,
                23852,
                368,
                635,
                45917,
                368,
                7557,
                335,
                842,
                13,
                51082
            ],
            "temperature": 0.0,
            "avg_logprob": -0.31742636671344054,
            "compression_ratio": 1.4669603524229076,
            "no_speech_prob": 0.12961941957473755
        },
        {
            "id": 11,
            "seek": 13328,
            "start": 147.72,
            "end": 150.8,
            "text": " Para dar inicio a esta ceremonia oficial de bienvenida,",