{
    "text": " \u00a1Gracias!",
    "segments": [
        {
            "id": 0,
            "seek": 0,
            "start": 0.0,
            "end": 8.120000000000001,
            "text": " \u00a1Gracias!",
            "tokens": [
                50364,
                6514,
                38,
                12080,
                4609,
                0,
                50770
            ],
            "temperature": 1.0,
            "avg_logprob": -1.418097734451294,
            "compression_ratio": 0.5555555555555556,
            "no_speech_prob": 0.4848431646823883
        }
    ],
    "language": "es"
}