{
    "text": " \u00a1Suscr\u00edbete al canal!",
    "segments": [
        {
            "id": 0,
            "seek": 21000,
            "start": 210.0,
            "end": 232.0,
            "text": " \u00a1Suscr\u00edbete al canal!",
            "tokens": [
                50364,
                6514,
                50,
                301,
                10757,
                49662,
                3498,
                419,
                9911,
                0,
                51464
            ],
            "temperature": 0.0,
            "avg_logprob": -0.7767273585001627,
            "compression_ratio": 0.7419354838709677,
            "no_speech_prob": 0.832872748374939
        }
    ],
    "language": "es"
}