{
    "text": " El presidente, es un placer visitar el gobierno nuevo. Felicidades, presidente. \u00bfC\u00f3mo va? Bien, aqu\u00ed vamos. Bien, bien. Buenas tardes. Damos la bienvenida al licenciado Andr\u00e9s Manuel L\u00f3pez Obrador, presidente de los Estados Unidos Mexicanos, y al excelent\u00edsimo se\u00f1or Iv\u00e1n Duque M\u00e1rquez, presidente de la Rep\u00fablica de Colombia. Para dar inicio a esta ceremonia oficial de bienvenida, se entonar\u00e1n los libros nacionales de M\u00e9xico y de Colombia. Es as\u00ed como finaliza esta ceremonia. Que tengan todos muy buena tarde.",
    "segments": [
        {
            "id": 0,
            "seek": 0,
            "start": 0.0,
            "end": 17.52,
            "text": " El presidente, es un placer visitar el gobierno nuevo.",
            "tokens": [
                50364,
                2699,
                23852,
                11,
                785,
                517,
                499,
                12858,
                3441,
                289,
                806,
                29254,
                18591,
                13,
                51240
            ],
            "temperature": 0.0,
            "avg_logprob": -0.687500511727682,
            "compression_ratio": 1.1192660550458715,
            "no_speech_prob": 0.5856837034225464
        },
        {
            "id": 1,
            "seek": 0,
            "start": 17.52,
            "end": 19.52,
            "text": " Felicidades, presidente. \u00bfC\u00f3mo va?",
            "tokens": [
                51240,
                13298,
                299,
                10284,
                11,
                23852,
                13,
                3841,
                28342,
                2773,
                30,
                51340
            ],
            "temperature": 0.0,
            "avg_logprob": -0.687500511727682,
            "compression_ratio": 1.1192660550458715,
            "no_speech_prob": 0.5856837034225464
        },
        {
            "id": 2,
            "seek": 0,
            "start": 19.52,
            "end": 21.52,
            "text": " Bien, aqu\u00ed vamos.",
            "tokens": [
                51340,
                16956,
                11,
                6661,
                5295,
                13,
                51440
            ],
            "temperature": 0.0,
            "avg_logprob": -0.687500511727682,
            "compression_ratio": 1.1192660550458715,
            "no_speech_prob": 0.5856837034225464
        },
        {
            "id": 3,
            "seek": 0,
            "start": 21.52,
            "end": 23.52,
            "text": " Bien, bien.",
            "tokens": [
                51440,
                16956,
                11,
                3610,
                13,
                51540
            ],
            "temperature": 0.0,
            "avg_logprob": -0.687500511727682,
            "compression_ratio": 1.1192660550458715,
            "no_speech_prob": 0.5856837034225464
        },
        {
            "id": 4,
            "seek": 3000,
            "start": 30.0,
            "end": 59.96,
            "text": " Buenas tardes.",
            "tokens": [
                50364,
                4078,
                11581,
                21057,
                279,
                13,
                51862
            ],
            "temperature": 0.0,
            "avg_logprob": -0.5028987460666232,
            "compression_ratio": 0.6363636363636364,
            "no_speech_prob": 0.5103179812431335
        },
        {
            "id": 5,
            "seek": 5996,
            "start": 59.96,
            "end": 66.36,
            "text": " Damos la bienvenida al licenciado Andr\u00e9s Manuel L\u00f3pez Obrador, presidente de los Estados Unidos Mexicanos,",
            "tokens": [
                50364,
                413,
                2151,
                635,
                3610,
                553,
                2887,
                419,
                6169,
                30322,
                1573,
                400,
                18981,
                34362,
                441,
                812,
                15144,
                422,
                1443,
                5409,
                11,
                23852,
                368,
                1750,
                22362,
                23087,
                16164,
                329,
                11,
                50684
            ],
            "temperature": 0.0,
            "avg_logprob": -0.19770930534185366,
            "compression_ratio": 1.4429223744292237,
            "no_speech_prob": 0.4274979829788208
        },
        {
            "id": 6,
            "seek": 5996,
            "start": 66.36,
            "end": 72.8,
            "text": " y al excelent\u00edsimo se\u00f1or Iv\u00e1n Duque M\u00e1rquez, presidente de la Rep\u00fablica de Colombia.",
            "tokens": [
                50684,
                288,
                419,
                24015,
                317,
                49889,
                22188,
                26546,
                7200,
                5153,
                1077,
                376,
                20335,
                39009,
                11,
                23852,
                368,
                635,
                45917,
                368,
                22677,
                13,
                51006
            ],
            "temperature": 0.0,
            "avg_logprob": -0.19770930534185366,
            "compression_ratio": 1.4429223744292237,
            "no_speech_prob": 0.4274979829788208
        },
        {
            "id": 7,
            "seek": 5996,
            "start": 72.8,
            "end": 81.16,
            "text": " Para dar inicio a esta ceremonia oficial de bienvenida, se entonar\u00e1n los libros nacionales de M\u00e9xico y de Colombia.",
            "tokens": [
                51006,
                11107,
                4072,
                294,
                18322,
                257,
                5283,
                25920,
                654,
                37189,
                368,
                3610,
                553,
                2887,
                11,
                369,
                948,
                266,
                289,
                7200,
                1750,
                4939,
                329,
                29836,
                279,
                368,
                28128,
                288,
                368,
                22677,
                13,
                51424
            ],
            "temperature": 0.0,
            "avg_logprob": -0.19770930534185366,
            "compression_ratio": 1.4429223744292237,
            "no_speech_prob": 0.4274979829788208
        },
        {
            "id": 8,
            "seek": 29996,
            "start": 299.96,
            "end": 310.4,
            "text": " Es as\u00ed como finaliza esta ceremonia. Que tengan todos muy buena tarde.",
            "tokens": [
                50364,
                2313,
                8582,
                2617,
                2572,
                13427,
                5283,
                25920,
                654,
                13,
                4493,
                46874,
                6321,
                5323,
                25710,
                27367,
                13,
                50886
            ],
            "temperature": 0.0,
            "avg_logprob": -0.3687078074405068,
            "compression_ratio": 0.9466666666666667,
            "no_speech_prob": 0.3351978659629822
        }
    ],
    "language": "es"
}