{
    "text": " Subt\u00edtulos por la comunidad de Amara.org Subt\u00edtulos por la comunidad de Amara.org Subt\u00edtulos por la comunidad de Amara.org Subt\u00edtulos por la comunidad de Amara.org",
    "segments": [
        {
            "id": 0,
            "seek": 0,
            "start": 0.0,
            "end": 3.0,
            "text": " Subt\u00edtulos por la comunidad de Amara.org",
            "tokens": [
                50364,
                8511,
                83,
                6712,
                28348,
                1515,
                635,
                35695,
                368,
                2012,
                2419,
                13,
                4646,
                50514
            ],
            "temperature": 0.6,
            "avg_logprob": -0.4998835245768229,
            "compression_ratio": 0.8367346938775511,
            "no_speech_prob": 0.8204880356788635
        },
        {
            "id": 1,
            "seek": 3000,
            "start": 30.0,
            "end": 33.0,
            "text": " Subt\u00edtulos por la comunidad de Amara.org",
            "tokens": [
                50364,
                8511,
                83,
                6712,
                28348,
                1515,
                635,
                35695,
                368,
                2012,
                2419,
                13,
                4646,
                50514
            ],
            "temperature": 0.0,
            "avg_logprob": -0.20383338928222655,
            "compression_ratio": 0.8367346938775511,
            "no_speech_prob": 0.9900280833244324
        },
        {
            "id": 2,
            "seek": 6000,
            "start": 60.0,
            "end": 63.0,
            "text": " Subt\u00edtulos por la comunidad de Amara.org",
            "tokens": [
                50364,
                8511,
                83,
                6712,
                28348,
                1515,
                635,
                35695,
                368,
                2012,
                2419,
                13,
                4646,
                50514
            ],
            "temperature": 0.0,
            "avg_logprob": -0.13155083656311034,
            "compression_ratio": 0.8367346938775511,
            "no_speech_prob": 0.9920359253883362
        },
        {
            "id": 3,
            "seek": 9000,
            "start": 90.0,
            "end": 93.0,
            "text": " Subt\u00edtulos por la comunidad de Amara.org",
            "tokens": [
                50364,
                8511,
                83,
                6712,
                28348,
                1515,
                635,
                35695,
                368,
                2012,
                2419,
                13,
                4646,
                50514
            ],
            "temperature": 0.0,
            "avg_logprob": -0.12440846761067709,
            "compression_ratio": 0.8367346938775511,
            "no_speech_prob": 0.963672935962677
        }
    ],
    "language": "es"
}