{
    "text": " Este es el canal de subt\u00edtulos en espa\u00f1ol de la Iglesia de Jesucristo de los Santos de los \u00daliles. \u00a1Suscr\u00edbete al canal!",
    "segments": [
        {
            "id": 0,
            "seek": 9000,
            "start": 90.0,
            "end": 94.0,
            "text": " Este es el canal de subt\u00edtulos en espa\u00f1ol de la Iglesia de Jesucristo de los Santos de los \u00daliles.",
            "tokens": [
                50364,
                16105,
                785,
                806,
                9911,
                368,
                7257,
                6712,
                28348,
                465,
                31177,
                368,
                635,
                19271,
                48507,
                368,
                2547,
                1311,
                81,
                9334,
                368,
                1750,
                36962,
                368,
                1750,
                690,
                248,
                75,
                4680,
                13,
                50564
            ],
            "temperature": 0.6,
            "avg_logprob": -0.8086256980895996,
            "compression_ratio": 1.1222222222222222,
            "no_speech_prob": 0.934208869934082
        },
        {
            "id": 1,
            "seek": 12000,
            "start": 120.0,
            "end": 130.0,
            "text": " \u00a1Suscr\u00edbete al canal!",
            "tokens": [
                50364,
                6514,
                50,
                301,
                10757,
                49662,
                3498,
                419,
                9911,
                0,
                50864
            ],
            "temperature": 0.0,
            "avg_logprob": -0.6992808183034261,
            "compression_ratio": 0.7419354838709677,
            "no_speech_prob": 0.993000864982605
        }
    ],
    "language": "es"
}