{
    "text": " Subt\u00edtulos por la comunidad de Amara.org",
    "segments": [
        {
            "id": 0,
            "seek": 3000,
            "start": 30.0,
            "end": 33.0,
            "text": " Subt\u00edtulos por la comunidad de Amara.org",
            "tokens": [
                50364,
                8511,
                83,
                6712,
                28348,
                1515,
                635,
                35695,
                368,
                2012,
                2419,
                13,
                4646,
                50514
            ],
            "temperature": 0.6,
            "avg_logprob": -0.4457098642985026,
            "compression_ratio": 0.8367346938775511,
            "no_speech_prob": 0.8777101039886475
        }
    ],
    "language": "es"
}