{
    "text": " \u00a1Suscr\u00edbete al canal!",
    "segments": [
        {
            "id": 0,
            "seek": 3000,
            "start": 30.0,
            "end": 59.0,
            "text": " \u00a1Suscr\u00edbete al canal!",
            "tokens": [
                50364,
                6514,
                50,
                301,
                10757,
                49662,
                3498,
                419,
                9911,
                0,
                51814
            ],
            "temperature": 0.0,
            "avg_logprob": -0.8499859174092611,
            "compression_ratio": 0.7419354838709677,
            "no_speech_prob": 0.8359130620956421
        }
    ],
    "language": "es"
}