{
    "text": " Subt\u00edtulos por la comunidad de Amara.org",
    "segments": [
        {
            "id": 0,
            "seek": 36000,
            "start": 360.0,
            "end": 363.0,
            "text": " Subt\u00edtulos por la comunidad de Amara.org",
            "tokens": [
                50364,
                8511,
                83,
                6712,
                28348,
                1515,
                635,
                35695,
                368,
                2012,
                2419,
                13,
                4646,
                50514
            ],
            "temperature": 0.0,
            "avg_logprob": -0.3804550806681315,
            "compression_ratio": 0.8367346938775511,
            "no_speech_prob": 0.9410852193832397
        }
    ],
    "language": "es"
}