{
    "text": " Subt\u00edtulos por la comunidad de Amara.org",
    "segments": [
        {
            "id": 0,
            "seek": 9000,
            "start": 90.0,
            "end": 93.0,
            "text": " Subt\u00edtulos por la comunidad de Amara.org",
            "tokens": [
                50364,
                8511,
                83,
                6712,
                28348,
                1515,
                635,
                35695,
                368,
                2012,
                2419,
                13,
                4646,
                50514
            ],
            "temperature": 0.4,
            "avg_logprob": -0.44534346262613933,
            "compression_ratio": 0.8367346938775511,
            "no_speech_prob": 0.9561963081359863
        }
    ],
    "language": "es"
}