{
    "text": " Danza tradicional del pueblo is\u00edgena afromexicano Danza tradicional del pueblo es\u00edgena Danza tradicional del pueblo es\u00edgena Danza tradicional del pueblo es\u00edgena Danza tradicional del pueblo es\u00edgena Danza tradicional del pueblo es\u00edgena Danza tradicional del pueblo es\u00edgena Danza tradicional del pueblo es\u00edgena",
    "segments": [
        {
            "id": 0,
            "seek": 0,
            "start": 0.0,
            "end": 4.0,
            "text": " Danza tradicional del pueblo is\u00edgena afromexicano",
            "tokens": [
                50364,
                3394,
                2394,
                47956,
                1103,
                33764,
                307,
                36492,
                64,
                3238,
                11505,
                87,
                38028,
                50564
            ],
            "temperature": 0.0,
            "avg_logprob": -0.753941027323405,
            "compression_ratio": 0.8620689655172413,
            "no_speech_prob": 0.11662625521421432
        },
        {
            "id": 1,
            "seek": 3000,
            "start": 30.0,
            "end": 34.0,
            "text": " Danza tradicional del pueblo es\u00edgena",
            "tokens": [
                50364,
                3394,
                2394,
                47956,
                1103,
                33764,
                785,
                36492,
                64,
                50564
            ],
            "temperature": 0.0,
            "avg_logprob": -0.5761959769509055,
            "compression_ratio": 0.8222222222222222,
            "no_speech_prob": 0.7585691213607788
        },
        {
            "id": 2,
            "seek": 6000,
            "start": 60.0,
            "end": 64.0,
            "text": " Danza tradicional del pueblo es\u00edgena",
            "tokens": [
                50364,
                3394,
                2394,
                47956,
                1103,
                33764,
                785,
                36492,
                64,
                50564
            ],
            "temperature": 0.0,
            "avg_logprob": -0.26594140312888404,
            "compression_ratio": 0.8222222222222222,
            "no_speech_prob": 0.7881917953491211
        },
        {
            "id": 3,
            "seek": 9000,
            "start": 90.0,
            "end": 94.0,
            "text": " Danza tradicional del pueblo es\u00edgena",
            "tokens": [
                50364,
                3394,
                2394,
                47956,
                1103,
                33764,
                785,
                36492,
                64,
                50564
            ],
            "temperature": 0.0,
            "avg_logprob": -0.27445938370444556,
            "compression_ratio": 0.8222222222222222,
            "no_speech_prob": 0.8696068525314331
        },
        {
            "id": 4,
            "seek": 12000,
            "start": 120.0,
            "end": 124.0,
            "text": " Danza tradicional del pueblo es\u00edgena",
            "tokens": [
                50364,
                3394,
                2394,
                47956,
                1103,
                33764,
                785,
                36492,
                64,
                50564
            ],
            "temperature": 0.0,
            "avg_logprob": -0.23971553282304245,
            "compression_ratio": 0.8222222222222222,
            "no_speech_prob": 0.8726561665534973
        },
        {
            "id": 5,
            "seek": 15000,
            "start": 150.0,
            "end": 154.0,
            "text": " Danza tradicional del pueblo es\u00edgena",
            "tokens": [
                50364,
                3394,
                2394,
                47956,
                1103,
                33764,
                785,
                36492,
                64,
                50564
            ],
            "temperature": 0.0,
            "avg_logprob": -0.2866940281607888,
            "compression_ratio": 0.8222222222222222,
            "no_speech_prob": 0.7703310251235962
        },
        {
            "id": 6,
            "seek": 18000,
            "start": 180.0,
            "end": 184.0,
            "text": " Danza tradicional del pueblo es\u00edgena",
            "tokens": [
                50364,
                3394,
                2394,
                47956,
                1103,
                33764,
                785,
                36492,
                64,
                50564
            ],
            "temperature": 0.0,
            "avg_logprob": -0.31044361808083276,
            "compression_ratio": 0.8222222222222222,
            "no_speech_prob": 0.8378421664237976
        },
        {
            "id": 7,
            "seek": 21000,
            "start": 210.0,
            "end": 214.0,
            "text": " Danza tradicional del pueblo es\u00edgena",
            "tokens": [
                50364,
                3394,
                2394,
                47956,
                1103,
                33764,
                785,
                36492,
                64,
                50564
            ],
            "temperature": 0.0,
            "avg_logprob": -0.2565961100838401,
            "compression_ratio": 0.8222222222222222,
            "no_speech_prob": 0.8645308613777161
        }
    ],
    "language": "es"
}