{
    "text": " Hola, amigos de Tuxpa. Me da gusto estar con ustedes. Clarita mencion\u00f3 que llevo ya seis a\u00f1os sin visitar Tuxpa y me voy a reivindicar porque quiero hacer desde Tuxpa al disco un anuncio para todo el pa\u00eds. De conformidad con la convocatoria que expidi\u00f3 Morena el d\u00eda 12 de diciembre me voy a registrar como precandidato a la presidencia de la Rep\u00fablica. \u00a1Presidente! \u00a1Presidente! \u00a1Presidente! \u00a1Presidente!",
    "segments": [
        {
            "id": 0,
            "seek": 0,
            "start": 0.0,
            "end": 28.0,
            "text": " Hola, amigos de Tuxpa. Me da gusto estar con ustedes. Clarita mencion\u00f3 que llevo ya seis a\u00f1os sin visitar Tuxpa y me voy a reivindicar porque quiero hacer desde Tuxpa al disco un anuncio para todo el pa\u00eds.",
            "tokens": [
                50364,
                22637,
                11,
                18243,
                368,
                314,
                2449,
                4306,
                13,
                1923,
                1120,
                38723,
                8755,
                416,
                17110,
                13,
                28410,
                2786,
                37030,
                812,
                631,
                12038,
                3080,
                2478,
                28233,
                11424,
                3343,
                3441,
                289,
                314,
                2449,
                4306,
                288,
                385,
                7552,
                257,
                319,
                592,
                471,
                7953,
                4021,
                16811,
                6720,
                10188,
                314,
                2449,
                4306,
                419,
                3622,
                517,
                364,
                409,
                8529,
                1690,
                5149,
                806,
                10572,
                13,
                51764
            ],
            "temperature": 0.0,
            "avg_logprob": -0.35697943369547525,
            "compression_ratio": 1.3248407643312101,
            "no_speech_prob": 0.47625014185905457
        },
        {
            "id": 1,
            "seek": 3000,
            "start": 30.0,
            "end": 56.0,
            "text": " De conformidad con la convocatoria que expidi\u00f3 Morena el d\u00eda 12 de diciembre me voy a registrar como precandidato a la presidencia de la Rep\u00fablica.",
            "tokens": [
                50364,
                1346,
                18975,
                4580,
                416,
                635,
                3754,
                905,
                1639,
                654,
                631,
                1278,
                327,
                7138,
                5048,
                629,
                806,
                12271,
                2272,
                368,
                14285,
                49772,
                385,
                7552,
                257,
                11376,
                5352,
                2617,
                4346,
                48810,
                2513,
                257,
                635,
                1183,
                4380,
                2755,
                368,
                635,
                45917,
                13,
                51664
            ],
            "temperature": 0.0,
            "avg_logprob": -0.11402342433021181,
            "compression_ratio": 1.1904761904761905,
            "no_speech_prob": 0.8838070631027222
        },
        {
            "id": 2,
            "seek": 6000,
            "start": 60.0,
            "end": 73.0,
            "text": " \u00a1Presidente! \u00a1Presidente! \u00a1Presidente! \u00a1Presidente!",
            "tokens": [
                50364,
                6514,
                47,
                495,
                40114,
                0,
                6514,
                47,
                495,
                40114,
                0,
                6514,
                47,
                495,
                40114,
                0,
                6514,
                47,
                495,
                40114,
                0,
                51014
            ],
            "temperature": 0.0,
            "avg_logprob": -0.20972059084021527,
            "compression_ratio": 2.2,
            "no_speech_prob": 0.9068728089332581
        }
    ],
    "language": "es"
}