{
    "text": " Este es el canal de subt\u00edtulos en espa\u00f1ol de la Iglesia de Jesucristo de los Santos de los \u00daltimos d\u00edas.",
    "segments": [
        {
            "id": 0,
            "seek": 0,
            "start": 0.0,
            "end": 6.0,
            "text": " Este es el canal de subt\u00edtulos en espa\u00f1ol de la Iglesia de Jesucristo de los Santos de los \u00daltimos d\u00edas.",
            "tokens": [
                50364,
                16105,
                785,
                806,
                9911,
                368,
                7257,
                6712,
                28348,
                465,
                31177,
                368,
                635,
                19271,
                48507,
                368,
                2547,
                1311,
                81,
                9334,
                368,
                1750,
                36962,
                368,
                1750,
                690,
                248,
                2282,
                8372,
                19527,
                13,
                50664
            ],
            "temperature": 0.6,
            "avg_logprob": -0.45231249838164356,
            "compression_ratio": 1.1368421052631579,
            "no_speech_prob": 0.934208869934082
        }
    ],
    "language": "es"
}