{
    "text": " \u00bfPero qu\u00e9 tiene el INE? \u00bfPor qu\u00e9 le buscas9 me\u043b\u0435\u043a likely7? \u00bfPor qu\u00e9 chauquinos tomorrow? \u00bfPor qu\u00e9 aportas nochiflegas? \u00bfPor qu\u00e9 aportas nochiflegas? Gracias \u00bfPor qu\u00e9? \u00a1A ver, ven que hace! \u00a1Vamos! \u00a1Vamos! \u00a1Vamos! \u00a1Vamos! \u00a1Vamos! \u00a1Vamos! \u00a1Vamos! \u00a1Vamos! \u00a1Vamos! \u00a1Vamos! \u00a1Vamos, re conscience! \u00a1\u6b39 \ub098\u306b\u30b0\u30c3\u30c9\u8005\u30de\u30c1! \u00bfSo\u00f1\u00e9 in Aus\uc744It. \u00a1Ti ingredience5. Que\u547d4n imitaiutsia!, Johare res Bow8. \u00a1Jh Perhaps- E l queerasa le dan\u2764 \u00a1Vamos, re conscience!",
    "segments": [
        {
            "id": 0,
            "seek": 3000,
            "start": 30.0,
            "end": 33.72,
            "text": " \u00bfPero qu\u00e9 tiene el INE?",
            "tokens": [
                50364,
                3841,
                47,
                2032,
                8057,
                7066,
                806,
                6892,
                36,
                30,
                50550
            ],
            "temperature": 1.0,
            "avg_logprob": -4.038654327392578,
            "compression_ratio": 1.1517857142857142,
            "no_speech_prob": 0.5333659052848816
        },
        {
            "id": 1,
            "seek": 3000,
            "start": 33.72,
            "end": 41.24,
            "text": " \u00bfPor qu\u00e9 le buscas9 me\u043b\u0435\u043a likely7?",
            "tokens": [
                50550,
                3841,
                24907,
                8057,
                476,
                1255,
                16369,
                24,
                385,
                16170,
                3700,
                22,
                30,
                50926
            ],
            "temperature": 1.0,
            "avg_logprob": -4.038654327392578,
            "compression_ratio": 1.1517857142857142,
            "no_speech_prob": 0.5333659052848816
        },
        {
            "id": 2,
            "seek": 3000,
            "start": 41.24,
            "end": 47.620000000000005,
            "text": " \u00bfPor qu\u00e9 chauquinos tomorrow?",
            "tokens": [
                50926,
                3841,
                24907,
                8057,
                417,
                1459,
                358,
                259,
                329,
                4153,
                30,
                51245
            ],
            "temperature": 1.0,
            "avg_logprob": -4.038654327392578,
            "compression_ratio": 1.1517857142857142,
            "no_speech_prob": 0.5333659052848816
        },
        {
            "id": 3,
            "seek": 3000,
            "start": 47.620000000000005,
            "end": 54.6,
            "text": " \u00bfPor qu\u00e9 aportas nochiflegas?",
            "tokens": [
                51245,
                3841,
                24907,
                8057,
                1882,
                477,
                296,
                3514,
                351,
                6363,
                296,
                30,
                51594
            ],
            "temperature": 1.0,
            "avg_logprob": -4.038654327392578,
            "compression_ratio": 1.1517857142857142,
            "no_speech_prob": 0.5333659052848816
        },
        {
            "id": 4,
            "seek": 5460,
            "start": 54.6,
            "end": 56.6,
            "text": " \u00bfPor qu\u00e9 aportas nochiflegas?",
            "tokens": [
                50364,
                3841,
                24907,
                8057,
                1882,
                477,
                296,
                3514,
                351,
                6363,
                296,
                30,
                50464
            ],
            "temperature": 0.0,
            "avg_logprob": -0.4731086568629488,
            "compression_ratio": 2.0246913580246915,
            "no_speech_prob": 0.30684998631477356
        },
        {
            "id": 5,
            "seek": 5460,
            "start": 56.6,
            "end": 58.6,
            "text": " Gracias",
            "tokens": [
                50464,
                26909,
                50564
            ],
            "temperature": 0.0,
            "avg_logprob": -0.4731086568629488,
            "compression_ratio": 2.0246913580246915,
            "no_speech_prob": 0.30684998631477356
        },
        {
            "id": 6,
            "seek": 5460,
            "start": 58.6,
            "end": 60.6,
            "text": " \u00bfPor qu\u00e9?",
            "tokens": [
                50564,
                3841,
                24907,
                8057,
                30,
                50664
            ],
            "temperature": 0.0,
            "avg_logprob": -0.4731086568629488,
            "compression_ratio": 2.0246913580246915,
            "no_speech_prob": 0.30684998631477356
        },
        {
            "id": 7,
            "seek": 5460,
            "start": 60.6,
            "end": 62.6,
            "text": " \u00a1A ver, ven que hace!",
            "tokens": [
                50664,
                6514,
                32,
                1306,
                11,
                6138,
                631,
                10032,
                0,
                50764
            ],
            "temperature": 0.0,
            "avg_logprob": -0.4731086568629488,
            "compression_ratio": 2.0246913580246915,
            "no_speech_prob": 0.30684998631477356
        },
        {
            "id": 8,
            "seek": 5460,
            "start": 62.6,
            "end": 64.6,
            "text": " \u00a1Vamos!",
            "tokens": [
                50764,
                6514,
                53,
                2151,
                0,
                50864
            ],
            "temperature": 0.0,
            "avg_logprob": -0.4731086568629488,
            "compression_ratio": 2.0246913580246915,
            "no_speech_prob": 0.30684998631477356
        },
        {
            "id": 9,
            "seek": 5460,
            "start": 64.6,
            "end": 66.6,
            "text": " \u00a1Vamos!",
            "tokens": [
                50864,
                6514,
                53,
                2151,
                0,
                50964
            ],
            "temperature": 0.0,
            "avg_logprob": -0.4731086568629488,
            "compression_ratio": 2.0246913580246915,
            "no_speech_prob": 0.30684998631477356
        },
        {
            "id": 10,
            "seek": 5460,
            "start": 66.6,
            "end": 68.6,
            "text": " \u00a1Vamos!",
            "tokens": [
                50964,
                6514,
                53,
                2151,
                0,
                51064
            ],
            "temperature": 0.0,
            "avg_logprob": -0.4731086568629488,
            "compression_ratio": 2.0246913580246915,
            "no_speech_prob": 0.30684998631477356
        },
        {
            "id": 11,
            "seek": 5460,
            "start": 68.6,
            "end": 70.6,
            "text": " \u00a1Vamos!",
            "tokens": [
                51064,
                6514,
                53,
                2151,
                0,
                51164
            ],
            "temperature": 0.0,
            "avg_logprob": -0.4731086568629488,
            "compression_ratio": 2.0246913580246915,
            "no_speech_prob": 0.30684998631477356
        },
        {
            "id": 12,
            "seek": 5460,
            "start": 70.6,
            "end": 72.6,
            "text": " \u00a1Vamos!",