{
    "text": " \u00a1Gracias!",
    "segments": [
        {
            "id": 0,
            "seek": 3000,
            "start": 30.0,
            "end": 32.0,
            "text": " \u00a1Gracias!",
            "tokens": [
                50364,
                6514,
                38,
                12080,
                4609,
                0,
                50464
            ],
            "temperature": 0.0,
            "avg_logprob": -0.7120563387870789,
            "compression_ratio": 0.5555555555555556,
            "no_speech_prob": 0.52757328748703
        }
    ],
    "language": "es"
}