{
    "text": " Gracias por ver el video.",
    "segments": [
        {
            "id": 0,
            "seek": 15000,
            "start": 150.0,
            "end": 155.0,
            "text": " Gracias por ver el video.",
            "tokens": [
                50364,
                26909,
                1515,
                1306,
                806,
                960,
                13,
                50614
            ],
            "temperature": 0.0,
            "avg_logprob": -0.9962118996514214,
            "compression_ratio": 0.7575757575757576,
            "no_speech_prob": 0.8475998044013977
        }
    ],
    "language": "es"
}