{
    "text": " Aqu\u00ed estamos, como todos los d\u00edas, de seis a siete de la ma\u00f1ana, de lunes a viernes, el Gabinete de Seguridad, el Secretario de la Defensa de Marina, la Secretar\u00eda de Gobernaci\u00f3n, el Secretario de Seguridad P\u00fablica, el Comandante de la Guardia Nacional, para recibir el parte de lo que sucede en todo el pa\u00eds y tomar decisiones para garantizar la paz y la tranquilidad de los mexicanos. Los compromisos se cumplen. Primer Informe. Gobierno de M\u00e9xico.",
    "segments": [
        {
            "id": 0,
            "seek": 0,
            "start": 0.0,
            "end": 6.32,
            "text": " Aqu\u00ed estamos, como todos los d\u00edas, de seis a siete de la ma\u00f1ana, de lunes a viernes,",
            "tokens": [
                50364,
                24386,
                10382,
                11,
                2617,
                6321,
                1750,
                19527,
                11,
                368,
                28233,
                257,
                40719,
                368,
                635,
                33573,
                11,
                368,
                287,
                15001,
                257,
                17634,
                4081,
                11,
                50680
            ],
            "temperature": 0.0,
            "avg_logprob": -0.14157082604580237,
            "compression_ratio": 1.64453125,
            "no_speech_prob": 0.10927966237068176
        },
        {
            "id": 1,
            "seek": 0,
            "start": 6.32,
            "end": 11.72,
            "text": " el Gabinete de Seguridad, el Secretario de la Defensa de Marina, la Secretar\u00eda de Gobernaci\u00f3n,",
            "tokens": [
                50680,
                806,
                11995,
                259,
                3498,
                368,
                21595,
                374,
                4580,
                11,
                806,
                7400,
                4912,
                368,
                635,
                9548,
                23364,
                368,
                35310,
                11,
                635,
                7400,
                21178,
                368,
                1037,
                26848,
                3482,
                11,
                50950
            ],
            "temperature": 0.0,
            "avg_logprob": -0.14157082604580237,
            "compression_ratio": 1.64453125,
            "no_speech_prob": 0.10927966237068176
        },
        {
            "id": 2,
            "seek": 0,
            "start": 11.72,
            "end": 17.080000000000002,
            "text": " el Secretario de Seguridad P\u00fablica, el Comandante de la Guardia Nacional, para recibir el parte",
            "tokens": [
                50950,
                806,
                7400,
                4912,
                368,
                21595,
                374,
                4580,
                430,
                36638,
                11,
                806,
                2432,
                474,
                2879,
                368,
                635,
                11549,
                654,
                36623,
                11,
                1690,
                49703,
                806,
                6975,
                51218
            ],
            "temperature": 0.0,
            "avg_logprob": -0.14157082604580237,
            "compression_ratio": 1.64453125,
            "no_speech_prob": 0.10927966237068176
        },
        {
            "id": 3,
            "seek": 0,
            "start": 17.080000000000002,
            "end": 24.44,
            "text": " de lo que sucede en todo el pa\u00eds y tomar decisiones para garantizar la paz y la tranquilidad de",
            "tokens": [
                51218,
                368,
                450,
                631,
                459,
                29815,
                465,
                5149,
                806,
                10572,
                288,
                22048,
                3537,
                279,
                1690,
                22251,
                9736,
                635,
                30032,
                288,
                635,
                35337,
                4580,
                368,
                51586
            ],
            "temperature": 0.0,
            "avg_logprob": -0.14157082604580237,
            "compression_ratio": 1.64453125,
            "no_speech_prob": 0.10927966237068176
        },
        {
            "id": 4,
            "seek": 0,
            "start": 24.44,
            "end": 27.64,
            "text": " los mexicanos. Los compromisos se cumplen.",
            "tokens": [
                51586,
                1750,
                28759,
                8914,
                329,
                13,
                7632,
                11482,
                271,
                329,
                369,
                37483,
                268,
                13,
                51746
            ],
            "temperature": 0.0,
            "avg_logprob": -0.14157082604580237,
            "compression_ratio": 1.64453125,
            "no_speech_prob": 0.10927966237068176
        },
        {
            "id": 5,
            "seek": 2764,
            "start": 27.64,
            "end": 29.96,
            "text": " Primer Informe. Gobierno de M\u00e9xico.",
            "tokens": [
                50366,
                2114,
                9713,
                34301,
                68,
                13,
                41963,
                368,
                28128,
                13,
                50480
            ],
            "temperature": 0.0,
            "avg_logprob": -0.5970033804575602,
            "compression_ratio": 0.8181818181818182,
            "no_speech_prob": 0.9551212191581726
        }
    ],
    "language": "es"
}