{
    "text": " Estamos arriba en el Estado de M\u00e9xico. Pronto se va a acabar con la corrupci\u00f3n. Va a haber justicia y seguridad, pero andan muy nerviosos los de la mafia del poder. Est\u00e1n entregando despensas, frijol con gorgojo, tarjetas, pollos, patos, chivos, borregos, puercos, cochinos, marranos, cerdos. Hay que decirles que s\u00ed, pero a la hora de la hora, toma tu voto. El voto es libre y es secreto. Morena, la esperanza de M\u00e9xico.",
    "segments": [
        {
            "id": 0,
            "seek": 0,
            "start": 0.0,
            "end": 5.0,
            "text": " Estamos arriba en el Estado de M\u00e9xico. Pronto se va a acabar con la corrupci\u00f3n.",
            "tokens": [
                50364,
                34563,
                28469,
                465,
                806,
                29740,
                368,
                28128,
                13,
                2114,
                7556,
                369,
                2773,
                257,
                35041,
                416,
                635,
                1181,
                11976,
                5687,
                13,
                50614
            ],
            "temperature": 0.0,
            "avg_logprob": -0.1337553126211385,
            "compression_ratio": 1.5232558139534884,
            "no_speech_prob": 0.838165819644928
        },
        {
            "id": 1,
            "seek": 0,
            "start": 5.0,
            "end": 10.0,
            "text": " Va a haber justicia y seguridad, pero andan muy nerviosos los de la mafia del poder.",
            "tokens": [
                50614,
                16822,
                257,
                15811,
                445,
                15341,
                288,
                35415,
                11,
                4768,
                293,
                282,
                5323,
                5724,
                2717,
                329,
                1750,
                368,
                635,
                36412,
                1103,
                8152,
                13,
                50864
            ],
            "temperature": 0.0,
            "avg_logprob": -0.1337553126211385,
            "compression_ratio": 1.5232558139534884,
            "no_speech_prob": 0.838165819644928
        },
        {
            "id": 2,
            "seek": 0,
            "start": 10.0,
            "end": 20.0,
            "text": " Est\u00e1n entregando despensas, frijol con gorgojo, tarjetas, pollos, patos, chivos, borregos, puercos, cochinos, marranos, cerdos.",
            "tokens": [
                50864,
                4410,
                7200,
                32843,
                1806,
                4887,
                694,
                296,
                11,
                431,
                1718,
                401,
                416,
                24012,
                1571,
                5134,
                11,
                3112,
                7108,
                296,
                11,
                6418,
                329,
                11,
                1947,
                329,
                11,
                417,
                16501,
                11,
                14828,
                3375,
                329,
                11,
                2362,
                2869,
                329,
                11,
                598,
                32167,
                329,
                11,
                1849,
                4257,
                329,
                11,
                269,
                7783,
                329,
                13,
                51364
            ],
            "temperature": 0.0,
            "avg_logprob": -0.1337553126211385,
            "compression_ratio": 1.5232558139534884,
            "no_speech_prob": 0.838165819644928
        },
        {
            "id": 3,
            "seek": 0,
            "start": 20.0,
            "end": 27.0,
            "text": " Hay que decirles que s\u00ed, pero a la hora de la hora, toma tu voto. El voto es libre y es secreto.",
            "tokens": [
                51364,
                8721,
                631,
                10235,
                904,
                631,
                8600,
                11,
                4768,
                257,
                635,
                15098,
                368,
                635,
                15098,
                11,
                39728,
                2604,
                3478,
                78,
                13,
                2699,
                3478,
                78,
                785,
                29976,
                288,
                785,
                34432,
                1353,
                13,
                51714
            ],
            "temperature": 0.0,
            "avg_logprob": -0.1337553126211385,
            "compression_ratio": 1.5232558139534884,
            "no_speech_prob": 0.838165819644928
        },
        {
            "id": 4,
            "seek": 2700,
            "start": 27.0,
            "end": 30.0,
            "text": " Morena, la esperanza de M\u00e9xico.",
            "tokens": [
                50364,
                5048,
                629,
                11,
                635,
                10045,
                20030,
                368,
                28128,
                13,
                50514
            ],
            "temperature": 0.0,
            "avg_logprob": -0.3376728296279907,
            "compression_ratio": 0.8,
            "no_speech_prob": 0.9095751643180847
        }
    ],
    "language": "es"
}