{
    "text": " \u00a1Suscr\u00edbete al canal!",
    "segments": [
        {
            "id": 0,
            "seek": 12000,
            "start": 120.0,
            "end": 122.0,
            "text": " \u00a1Suscr\u00edbete al canal!",
            "tokens": [
                50364,
                6514,
                50,
                301,
                10757,
                49662,
                3498,
                419,
                9911,
                0,
                50464
            ],
            "temperature": 0.0,
            "avg_logprob": -0.873747984568278,
            "compression_ratio": 0.7419354838709677,
            "no_speech_prob": 0.9111177325248718
        }
    ],
    "language": "es"
}