{
    "text": " vamos a Olinal\u00e1, al lugar de las cajitas de Olinal\u00e1 del perfume natural de la madera, del arte popular y miren en el camino de Tlapa a Olinal\u00e1 en la monta\u00f1a de Guerrero esto cura el alma y cualquier enfermedad",
    "segments": [
        {
            "id": 0,
            "seek": 0,
            "start": 0.0,
            "end": 8.46,
            "text": " vamos a Olinal\u00e1, al lugar de las cajitas de Olinal\u00e1",
            "tokens": [
                50364,
                5295,
                257,
                6141,
                2071,
                842,
                11,
                419,
                11467,
                368,
                2439,
                1335,
                73,
                14182,
                368,
                6141,
                2071,
                842,
                50787
            ],
            "temperature": 0.0,
            "avg_logprob": -0.4424087029916269,
            "compression_ratio": 1.3333333333333333,
            "no_speech_prob": 0.28124985098838806
        },
        {
            "id": 1,
            "seek": 0,
            "start": 9.88,
            "end": 17.64,
            "text": " del perfume natural de la madera, del arte popular",
            "tokens": [
                50858,
                1103,
                28464,
                3303,
                368,
                635,
                5244,
                1663,
                11,
                1103,
                29159,
                3743,
                51246
            ],
            "temperature": 0.0,
            "avg_logprob": -0.4424087029916269,
            "compression_ratio": 1.3333333333333333,
            "no_speech_prob": 0.28124985098838806
        },
        {
            "id": 2,
            "seek": 0,
            "start": 18.52,
            "end": 27.32,
            "text": " y miren en el camino de Tlapa a Olinal\u00e1 en la monta\u00f1a",
            "tokens": [
                51290,
                288,
                275,
                18833,
                465,
                806,
                34124,
                368,
                314,
                75,
                7961,
                257,
                6141,
                2071,
                842,
                465,
                635,
                8143,
                64,
                12150,
                51730
            ],
            "temperature": 0.0,
            "avg_logprob": -0.4424087029916269,
            "compression_ratio": 1.3333333333333333,
            "no_speech_prob": 0.28124985098838806
        },
        {
            "id": 3,
            "seek": 3000,
            "start": 30.0,
            "end": 32.0,
            "text": " de Guerrero",
            "tokens": [
                50364,
                368,
                28305,
                81,
                2032,
                50464
            ],
            "temperature": 0.0,
            "avg_logprob": -0.7353423436482748,
            "compression_ratio": 0.9122807017543859,
            "no_speech_prob": 0.03291678428649902
        },
        {
            "id": 4,
            "seek": 3000,
            "start": 38.0,
            "end": 44.0,
            "text": " esto cura el alma y cualquier enfermedad",
            "tokens": [
                50764,
                7433,
                1262,
                64,
                806,
                32634,
                288,
                21004,
                42695,
                345,
                51064
            ],
            "temperature": 0.0,
            "avg_logprob": -0.7353423436482748,
            "compression_ratio": 0.9122807017543859,
            "no_speech_prob": 0.03291678428649902
        }
    ],
    "language": "es"
}