{
    "text": " Me da gusto participar en esta ceremonia de construcci\u00f3n de el Tren May. Hice un proyecto para reactivar la econom\u00eda en el sudeste del pa\u00eds. Es un circuito. Palenque. Tenozique. Es esc\u00e1rcega. Campeche. M\u00e9rida. Chich\u00e9nich\u00e1. Carc\u00fan. Playa del Carmen. Rol\u00f3n. Carrillo Puerto. Bajalar. Calambul. Y otra vez escarcega. Empleo. Trabajo. Bienestar. Esto es lo que significa la Cuarta Transformaci\u00f3n. Es progreso con justicia. \u00a1Que viva el sudeste!",
    "segments": [
        {
            "id": 0,
            "seek": 0,
            "start": 0.0,
            "end": 7.2,
            "text": " Me da gusto participar en esta ceremonia de construcci\u00f3n de el Tren May.",
            "tokens": [
                50364,
                1923,
                1120,
                38723,
                48703,
                465,
                5283,
                25920,
                654,
                368,
                12946,
                14735,
                368,
                806,
                314,
                1095,
                1891,
                13,
                50724
            ],
            "temperature": 0.0,
            "avg_logprob": -0.4510765075683594,
            "compression_ratio": 1.28125,
            "no_speech_prob": 0.27458691596984863
        },
        {
            "id": 1,
            "seek": 0,
            "start": 7.2,
            "end": 13.280000000000001,
            "text": " Hice un proyecto para reactivar la econom\u00eda en el sudeste del pa\u00eds.",
            "tokens": [
                50724,
                389,
                573,
                517,
                32285,
                1690,
                4515,
                592,
                289,
                635,
                2520,
                2686,
                465,
                806,
                3707,
                8887,
                1103,
                10572,
                13,
                51028
            ],
            "temperature": 0.0,
            "avg_logprob": -0.4510765075683594,
            "compression_ratio": 1.28125,
            "no_speech_prob": 0.27458691596984863
        },
        {
            "id": 2,
            "seek": 0,
            "start": 13.280000000000001,
            "end": 15.280000000000001,
            "text": " Es un circuito.",
            "tokens": [
                51028,
                2313,
                517,
                9048,
                78,
                13,
                51128
            ],
            "temperature": 0.0,
            "avg_logprob": -0.4510765075683594,
            "compression_ratio": 1.28125,
            "no_speech_prob": 0.27458691596984863
        },
        {
            "id": 3,
            "seek": 0,
            "start": 16.56,
            "end": 18.56,
            "text": " Palenque.",
            "tokens": [
                51192,
                6116,
                268,
                1077,
                13,
                51292
            ],
            "temperature": 0.0,
            "avg_logprob": -0.4510765075683594,
            "compression_ratio": 1.28125,
            "no_speech_prob": 0.27458691596984863
        },
        {
            "id": 4,
            "seek": 0,
            "start": 19.68,
            "end": 21.68,
            "text": " Tenozique.",
            "tokens": [
                51348,
                314,
                5808,
                89,
                1925,
                13,
                51448
            ],
            "temperature": 0.0,
            "avg_logprob": -0.4510765075683594,
            "compression_ratio": 1.28125,
            "no_speech_prob": 0.27458691596984863
        },
        {
            "id": 5,
            "seek": 0,
            "start": 22.64,
            "end": 24.64,
            "text": " Es esc\u00e1rcega.",
            "tokens": [
                51496,
                2313,
                4721,
                20335,
                384,
                3680,
                13,
                51596
            ],
            "temperature": 0.0,
            "avg_logprob": -0.4510765075683594,
            "compression_ratio": 1.28125,
            "no_speech_prob": 0.27458691596984863
        },
        {
            "id": 6,
            "seek": 0,
            "start": 26.0,
            "end": 28.0,
            "text": " Campeche.",
            "tokens": [
                51664,
                6886,
                494,
                1876,
                13,
                51764
            ],
            "temperature": 0.0,
            "avg_logprob": -0.4510765075683594,
            "compression_ratio": 1.28125,
            "no_speech_prob": 0.27458691596984863
        },
        {
            "id": 7,
            "seek": 2800,
            "start": 28.8,
            "end": 30.8,
            "text": " M\u00e9rida.",
            "tokens": [
                50404,
                376,
                4198,
                2887,
                13,
                50504
            ],
            "temperature": 0.0,
            "avg_logprob": -0.41884086608886717,
            "compression_ratio": 1.0991735537190082,
            "no_speech_prob": 0.021969322115182877
        },
        {
            "id": 8,
            "seek": 2800,
            "start": 31.68,
            "end": 33.68,
            "text": " Chich\u00e9nich\u00e1.",
            "tokens": [
                50548,
                761,
                480,
                3516,
                480,
                842,
                13,
                50648
            ],
            "temperature": 0.0,
            "avg_logprob": -0.41884086608886717,
            "compression_ratio": 1.0991735537190082,
            "no_speech_prob": 0.021969322115182877
        },
        {
            "id": 9,
            "seek": 2800,
            "start": 35.12,
            "end": 37.120000000000005,
            "text": " Carc\u00fan.",
            "tokens": [
                50720,
                2741,
                66,
                9453,
                13,
                50820
            ],
            "temperature": 0.0,
            "avg_logprob": -0.41884086608886717,
            "compression_ratio": 1.0991735537190082,
            "no_speech_prob": 0.021969322115182877
        },
        {
            "id": 10,
            "seek": 2800,
            "start": 38.08,
            "end": 40.08,
            "text": " Playa del Carmen.",
            "tokens": [
                50868,
                2149,
                4427,
                1103,
                35778,
                13,
                50968
            ],
            "temperature": 0.0,
            "avg_logprob": -0.41884086608886717,
            "compression_ratio": 1.0991735537190082,
            "no_speech_prob": 0.021969322115182877
        },
        {
            "id": 11,
            "seek": 2800,
            "start": 41.04,
            "end": 43.04,
            "text": " Rol\u00f3n.",
            "tokens": [
                51016,
                497,
                401,
                1801,
                13,
                51116
            ],
            "temperature": 0.0,
            "avg_logprob": -0.41884086608886717,
            "compression_ratio": 1.0991735537190082,
            "no_speech_prob": 0.021969322115182877
        },
        {
            "id": 12,
            "seek": 2800,
            "start": 44.32,
            "end": 46.32,
            "text": " Carrillo Puerto.",
            "tokens": [
                51180,
                17715,
                15831,
                21472,
                13,
                51280
            ],
            "temperature": 0.0,
            "avg_logprob": -0.41884086608886717,
            "compression_ratio": 1.0991735537190082,