{
    "text": " Este es el canal de subt\u00edtulos en espa\u00f1ol de la Iglesia de Jesucristo de los Santos de los \u00daltimos d\u00edas. Este es el canal de subt\u00edtulos en espa\u00f1ol de la Iglesia de Jesucristo de los Santos de los \u00daltimos d\u00edas. Este es el canal de subt\u00edtulos en espa\u00f1ol de la Iglesia de Jesucristo de los Santos de los \u00daltimos d\u00edas. Este es el canal de subt\u00edtulos en espa\u00f1ol de la Iglesia de Jesucristo de los Santos de los \u00daltimos d\u00edas. Gracias por ver el video.",
    "segments": [
        {
            "id": 0,
            "seek": 33000,
            "start": 330.0,
            "end": 338.0,
            "text": " Este es el canal de subt\u00edtulos en espa\u00f1ol de la Iglesia de Jesucristo de los Santos de los \u00daltimos d\u00edas.",
            "tokens": [
                50364,
                16105,
                785,
                806,
                9911,
                368,
                7257,
                6712,
                28348,
                465,
                31177,
                368,
                635,
                19271,
                48507,
                368,
                2547,
                1311,
                81,
                9334,
                368,
                1750,
                36962,
                368,
                1750,
                690,
                248,
                2282,
                8372,
                19527,
                13,
                50764
            ],
            "temperature": 0.4,
            "avg_logprob": -0.4136582576867306,
            "compression_ratio": 1.1368421052631579,
            "no_speech_prob": 0.9929273724555969
        },
        {
            "id": 1,
            "seek": 36000,
            "start": 360.0,
            "end": 368.0,
            "text": " Este es el canal de subt\u00edtulos en espa\u00f1ol de la Iglesia de Jesucristo de los Santos de los \u00daltimos d\u00edas.",
            "tokens": [
                50364,
                16105,
                785,
                806,
                9911,
                368,
                7257,
                6712,
                28348,
                465,
                31177,
                368,
                635,
                19271,
                48507,
                368,
                2547,
                1311,
                81,
                9334,
                368,
                1750,
                36962,
                368,
                1750,
                690,
                248,
                2282,
                8372,
                19527,
                13,
                50764
            ],
            "temperature": 0.0,
            "avg_logprob": -0.13645557923750443,
            "compression_ratio": 1.1368421052631579,
            "no_speech_prob": 0.9949094653129578
        },
        {
            "id": 2,
            "seek": 39000,
            "start": 390.0,
            "end": 398.0,
            "text": " Este es el canal de subt\u00edtulos en espa\u00f1ol de la Iglesia de Jesucristo de los Santos de los \u00daltimos d\u00edas.",
            "tokens": [
                50364,
                16105,
                785,
                806,
                9911,
                368,
                7257,
                6712,
                28348,
                465,
                31177,
                368,
                635,
                19271,
                48507,
                368,
                2547,
                1311,
                81,
                9334,
                368,
                1750,
                36962,
                368,
                1750,
                690,
                248,
                2282,
                8372,
                19527,
                13,
                50764
            ],
            "temperature": 0.0,
            "avg_logprob": -0.07890657222632205,
            "compression_ratio": 1.1368421052631579,
            "no_speech_prob": 0.9980899691581726
        },
        {
            "id": 3,
            "seek": 42000,
            "start": 420.0,
            "end": 428.0,
            "text": " Este es el canal de subt\u00edtulos en espa\u00f1ol de la Iglesia de Jesucristo de los Santos de los \u00daltimos d\u00edas.",
            "tokens": [
                50364,
                16105,
                785,
                806,
                9911,
                368,
                7257,
                6712,
                28348,
                465,
                31177,
                368,
                635,
                19271,
                48507,
                368,
                2547,
                1311,
                81,
                9334,
                368,
                1750,
                36962,
                368,
                1750,
                690,
                248,
                2282,
                8372,
                19527,
                13,
                50764
            ],
            "temperature": 0.0,
            "avg_logprob": -0.062227400866421784,
            "compression_ratio": 1.1368421052631579,
            "no_speech_prob": 0.9985271692276001
        },
        {
            "id": 4,
            "seek": 45000,
            "start": 450.0,
            "end": 454.0,
            "text": " Gracias por ver el video.",
            "tokens": [
                50364,
                26909,
                1515,
                1306,
                806,
                960,
                13,
                50564
            ],
            "temperature": 0.0,
            "avg_logprob": -0.7941526307000054,
            "compression_ratio": 0.7575757575757576,
            "no_speech_prob": 0.9940117001533508
        }
    ],
    "language": "es"
}