{
    "text": " En este valle de Tierra Blanca vamos a un r\u00edo con hombres ind\u00edgenas de la cultura chosunenca y otomi. Estamos cerca de la Sierra Gorda de esta parte que une a Guanajuato con Quer\u00e9taro. Muchas gracias por ver este video, me ello extraordinario y quiero compartirlo con ustedes, con M\u00e9xico Reyes.",
    "segments": [
        {
            "id": 0,
            "seek": 0,
            "start": 0.0,
            "end": 17.0,
            "text": " En este valle de Tierra Blanca vamos a un r\u00edo con hombres ind\u00edgenas de la cultura chosunenca y otomi.",
            "tokens": [
                50364,
                2193,
                4065,
                40699,
                368,
                314,
                17452,
                2177,
                40835,
                5295,
                257,
                517,
                367,
                20492,
                416,
                37988,
                1016,
                36492,
                296,
                368,
                635,
                30576,
                417,
                329,
                409,
                268,
                496,
                288,
                4337,
                9220,
                13,
                51214
            ],
            "temperature": 0.0,
            "avg_logprob": -0.665343116311466,
            "compression_ratio": 1.0957446808510638,
            "no_speech_prob": 0.3617557883262634
        },
        {
            "id": 1,
            "seek": 1700,
            "start": 17.0,
            "end": 37.0,
            "text": " Estamos cerca de la Sierra Gorda de esta parte que une a Guanajuato con Quer\u00e9taro.",
            "tokens": [
                50364,
                34563,
                26770,
                368,
                635,
                25182,
                460,
                765,
                64,
                368,
                5283,
                6975,
                631,
                2251,
                257,
                41431,
                33166,
                2513,
                416,
                36149,
                4051,
                9708,
                13,
                51364
            ],
            "temperature": 0.0,
            "avg_logprob": -0.30758045269892764,
            "compression_ratio": 1.0375,
            "no_speech_prob": 0.8316940665245056
        },
        {
            "id": 2,
            "seek": 3700,
            "start": 37.0,
            "end": 53.0,
            "text": " Muchas gracias por ver este video, me ello extraordinario y quiero compartirlo con ustedes, con M\u00e9xico Reyes.",
            "tokens": [
                50364,
                35669,
                16611,
                1515,
                1306,
                4065,
                960,
                11,
                385,
                33549,
                27396,
                4912,
                288,
                16811,
                40667,
                752,
                416,
                17110,
                11,
                416,
                28128,
                1300,
                2346,
                13,
                51164
            ],
            "temperature": 0.0,
            "avg_logprob": -0.7540443860567533,
            "compression_ratio": 1.1111111111111112,
            "no_speech_prob": 0.8552687168121338
        }
    ],
    "language": "es"
}