{
    "text": " \u00a1Gracias por ver el v\u00eddeo!",
    "segments": [
        {
            "id": 0,
            "seek": 0,
            "start": 0.0,
            "end": 14.0,
            "text": " \u00a1Gracias por ver el v\u00eddeo!",
            "tokens": [
                50364,
                6514,
                38,
                12080,
                4609,
                1515,
                1306,
                806,
                8071,
                0,
                51064
            ],
            "temperature": 0.0,
            "avg_logprob": -0.8684661388397217,
            "compression_ratio": 0.7777777777777778,
            "no_speech_prob": 0.4116727113723755
        }
    ],
    "language": "es"
}