{
    "text": " \u00a1Suscr\u00edbete al canal!",
    "segments": [
        {
            "id": 0,
            "seek": 48000,
            "start": 480.0,
            "end": 495.5,
            "text": " \u00a1Suscr\u00edbete al canal!",
            "tokens": [
                50364,
                6514,
                50,
                301,
                10757,
                49662,
                3498,
                419,
                9911,
                0,
                51139
            ],
            "temperature": 0.0,
            "avg_logprob": -0.8203869660695394,
            "compression_ratio": 0.7419354838709677,
            "no_speech_prob": 0.8771244883537292
        }
    ],
    "language": "es"
}