{
    "text": " \u00a1Llegamos a la fiesta! \u00a1Llegamos a la fiesta! \u00a1Mexicanas! \u00a1Mexicanos! \u00a1Viva la independencia! \u00a1Viva Miguel Hidalgo y Costilla! \u00a1Viva Josefa Ortiz de Dom\u00ednguez! \u00a1Viva Ignacio Allende! \u00a1Viva Leona Vicario! \u00a1Viva Jos\u00e9 Mar\u00eda Morelos de Los Hipog\u00f3n! \u00a1Viva Vicente Guerrero! \u00a1Viva los h\u00e9roes an\u00f3nimos! \u00a1Viva la libertad! \u00a1Viva la igualdad! \u00a1Viva la justicia! \u00a1Viva la democracia! \u00a1Viva nuestra soberan\u00eda! \u00a1Viva la fraternidad universal! \u00a1Viva la paz! \u00a1Mexicanas! \u00a1Mexicanos! \u00a1Muera la corrupci\u00f3n! \u00a1Muera el clasismo! \u00a1Muera el racismo! \u00a1Viva los pueblos ind\u00edgenas! \u00a1Viva la grandeza cultural de M\u00e9xico! \u00a1Viva M\u00e9xico! \u00a1Viva M\u00e9xico! \u00a1Viva M\u00e9xico! \u00a1Viva M\u00e9xico! \u00a1Viva M\u00e9xico! \u00a1Viva M\u00e9xico! \u00a1Viva M\u00e9xico! \u00a1Viva M\u00e9xico! \u00a1Viva M\u00e9xico! \u00a1Viva M\u00e9xico! \u00a1Viva M\u00e9xico!",
    "segments": [
        {
            "id": 0,
            "seek": 21000,
            "start": 210.0,
            "end": 215.0,
            "text": " \u00a1Llegamos a la fiesta! \u00a1Llegamos a la fiesta!",
            "tokens": [
                50364,
                6514,
                43,
                6363,
                2151,
                257,
                635,
                283,
                38804,
                0,
                6514,
                43,
                6363,
                2151,
                257,
                635,
                283,
                38804,
                0,
                50614
            ],
            "temperature": 0.4,
            "avg_logprob": -0.7304810569399879,
            "compression_ratio": 1.3428571428571427,
            "no_speech_prob": 0.796267032623291
        },
        {
            "id": 1,
            "seek": 24000,
            "start": 240.0,
            "end": 267.8,
            "text": " \u00a1Mexicanas! \u00a1Mexicanos! \u00a1Viva la independencia! \u00a1Viva Miguel Hidalgo y Costilla! \u00a1Viva Josefa",
            "tokens": [
                50364,
                6514,
                44,
                3121,
                8914,
                296,
                0,
                6514,
                44,
                3121,
                8914,
                329,
                0,
                6514,
                53,
                5931,
                635,
                4819,
                10974,
                0,
                6514,
                53,
                5931,
                29150,
                389,
                22151,
                1571,
                288,
                20863,
                5291,
                0,
                6514,
                53,
                5931,
                8635,
                11771,
                51754
            ],
            "temperature": 0.0,
            "avg_logprob": -0.16416476323054388,
            "compression_ratio": 1.225,
            "no_speech_prob": 0.07898921519517899
        },
        {
            "id": 2,
            "seek": 26780,
            "start": 267.8,
            "end": 282.8,
            "text": " Ortiz de Dom\u00ednguez! \u00a1Viva Ignacio Allende! \u00a1Viva Leona Vicario! \u00a1Viva Jos\u00e9 Mar\u00eda Morelos",
            "tokens": [
                50364,
                22921,
                590,
                368,
                16674,
                870,
                872,
                31221,
                0,
                6514,
                53,
                5931,
                24754,
                24571,
                1057,
                5445,
                0,
                6514,
                53,
                5931,
                1456,
                4037,
                33316,
                4912,
                0,
                6514,
                53,
                5931,
                34342,
                48472,
                5048,
                9389,
                51114
            ],
            "temperature": 0.0,
            "avg_logprob": -0.16961330686296736,
            "compression_ratio": 1.0681818181818181,
            "no_speech_prob": 0.605648398399353
        },
        {
            "id": 3,
            "seek": 28280,
            "start": 282.8,
            "end": 311.8,
            "text": " de Los Hipog\u00f3n! \u00a1Viva Vicente Guerrero! \u00a1Viva los h\u00e9roes an\u00f3nimos! \u00a1Viva la libertad! \u00a1Viva la igualdad! \u00a1Viva la justicia! \u00a1Viva la democracia!",
            "tokens": [
                50364,
                368,
                7632,
                29596,
                664,
                1801,
                0,
                6514,
                53,
                5931,
                33316,
                1576,
                28305,
                81,
                2032,
                0,
                6514,
                53,
                5931,
                1750,
                276,
                26913,
                279,
                364,
                1801,
                8372,
                0,
                6514,
                53,
                5931,
                635,
                18058,
                345,
                0,
                6514,
                53,
                5931,
                635,
                10953,
                20034,
                0,
                6514,
                53,
                5931,
                635,
                445,
                15341,
                0,
                6514,
                53,
                5931,
                635,
                6366,
                28000,
                0,
                51814
            ],
            "temperature": 0.0,
            "avg_logprob": -0.16265527133283944,
            "compression_ratio": 1.457142857142857,
            "no_speech_prob": 0.7304690480232239
        },
        {
            "id": 4,
            "seek": 31180,
            "start": 311.8,
            "end": 339.8,
            "text": " \u00a1Viva nuestra soberan\u00eda! \u00a1Viva la fraternidad universal! \u00a1Viva la paz! \u00a1Mexicanas! \u00a1Mexicanos! \u00a1Muera la corrupci\u00f3n! \u00a1Muera el clasismo! \u00a1Muera el racismo!",
            "tokens": [
                50364,
                6514,
                53,
                5931,
                16825,
                26212,
                282,
                2686,
                0,
                6514,
                53,
                5931,
                635,
                41168,
                77,
                4580,
                11455,
                0,
                6514,
                53,
                5931,
                635,
                30032,
                0,
                6514,
                44,
                3121,
                8914,
                296,
                0,
                6514,
                44,
                3121,
                8914,
                329,
                0,
                6514,
                44,
                84,
                1663,
                635,
                1181,
                11976,
                5687,
                0,
                6514,
                44,
                84,
                1663,
                806,
                596,
                296,
                6882,
                0,
                6514,
                44,
                84,
                1663,
                806,
                4129,
                6882,
                0,
                51764
            ],
            "temperature": 0.0,
            "avg_logprob": -0.09459903423602764,