{
    "text": " \u00a1Vamos! \u00a1Vamos para el momento! \u00a1Vamos para el camino! \u00a1En momento! \u00a1Vamos!kami Buenos d\u00edas, damos la bienvenida al licenciado Andr\u00e9s Manuel L\u00f3pez Obrador, presidente de los Estados Unidos Mexicanos y al excelent\u00edsimo se\u00f1or Alejandro Yamatei Falla, presidente de la Rep\u00fablica de Guatemala. Para dar inicio a esta ceremonia oficial de bienvenida, se entonar\u00e1n los himnos nacionales de M\u00e9xico y de Guatemala. Es as\u00ed como finaliza esta ceremonia. Que tengan todos muy buenos d\u00edas.",
    "segments": [
        {
            "id": 0,
            "seek": 6000,
            "start": 60.0,
            "end": 61.0,
            "text": " \u00a1Vamos!",
            "tokens": [
                50364,
                6514,
                53,
                2151,
                0,
                50414
            ],
            "temperature": 0.0,
            "avg_logprob": -0.8416441640546245,
            "compression_ratio": 1.4489795918367347,
            "no_speech_prob": 0.6200186610221863
        },
        {
            "id": 1,
            "seek": 6000,
            "start": 62.0,
            "end": 64.0,
            "text": " \u00a1Vamos para el momento!",
            "tokens": [
                50464,
                6514,
                53,
                2151,
                1690,
                806,
                9333,
                0,
                50564
            ],
            "temperature": 0.0,
            "avg_logprob": -0.8416441640546245,
            "compression_ratio": 1.4489795918367347,
            "no_speech_prob": 0.6200186610221863
        },
        {
            "id": 2,
            "seek": 6000,
            "start": 67.0,
            "end": 69.0,
            "text": " \u00a1Vamos para el camino!",
            "tokens": [
                50714,
                6514,
                53,
                2151,
                1690,
                806,
                34124,
                0,
                50814
            ],
            "temperature": 0.0,
            "avg_logprob": -0.8416441640546245,
            "compression_ratio": 1.4489795918367347,
            "no_speech_prob": 0.6200186610221863
        },
        {
            "id": 3,
            "seek": 6000,
            "start": 69.0,
            "end": 71.0,
            "text": " \u00a1En momento!",
            "tokens": [
                50814,
                6514,
                16257,
                9333,
                0,
                50914
            ],
            "temperature": 0.0,
            "avg_logprob": -0.8416441640546245,
            "compression_ratio": 1.4489795918367347,
            "no_speech_prob": 0.6200186610221863
        },
        {
            "id": 4,
            "seek": 9000,
            "start": 90.0,
            "end": 91.0,
            "text": " \u00a1Vamos!",
            "tokens": [
                50364,
                6514,
                53,
                2151,
                0,
                50414
            ],
            "temperature": 0.0,
            "avg_logprob": -0.7469043731689453,
            "compression_ratio": 0.5,
            "no_speech_prob": 0.9513028860092163
        },
        {
            "id": 5,
            "seek": 12000,
            "start": 120.0,
            "end": 123.0,
            "text": "kami",
            "tokens": [
                50414,
                48737,
                50514
            ],
            "temperature": 1.0,
            "avg_logprob": -4.098472595214844,
            "compression_ratio": 0.3333333333333333,
            "no_speech_prob": 0.5497546195983887
        },
        {
            "id": 6,
            "seek": 18000,
            "start": 180.0,
            "end": 208.48,
            "text": " Buenos d\u00edas, damos la bienvenida al licenciado Andr\u00e9s Manuel L\u00f3pez Obrador,",
            "tokens": [
                50364,
                38058,
                19527,
                11,
                274,
                2151,
                635,
                3610,
                553,
                2887,
                419,
                6169,
                30322,
                1573,
                400,
                18981,
                34362,
                441,
                812,
                15144,
                422,
                1443,
                5409,
                11,
                51788
            ],
            "temperature": 0.4,
            "avg_logprob": -0.3817776574028863,
            "compression_ratio": 0.9285714285714286,
            "no_speech_prob": 0.195521280169487
        },
        {
            "id": 7,
            "seek": 20848,
            "start": 208.48,
            "end": 215.07999999999998,
            "text": " presidente de los Estados Unidos Mexicanos y al excelent\u00edsimo se\u00f1or Alejandro Yamatei Falla,",
            "tokens": [
                50364,
                23852,
                368,
                1750,
                22362,
                23087,
                16164,
                329,
                288,
                419,
                24015,
                317,
                49889,
                22188,
                44568,
                29173,
                18992,
                473,
                72,
                7465,
                64,
                11,
                50694
            ],
            "temperature": 0.0,
            "avg_logprob": -0.20575681833120493,
            "compression_ratio": 1.401098901098901,
            "no_speech_prob": 0.6407052278518677
        },
        {
            "id": 8,
            "seek": 20848,
            "start": 215.07999999999998,
            "end": 220.88,
            "text": " presidente de la Rep\u00fablica de Guatemala. Para dar inicio a esta ceremonia oficial de bienvenida,",
            "tokens": [
                50694,
                23852,
                368,
                635,
                45917,
                368,
                43120,
                13,
                11107,
                4072,
                294,
                18322,
                257,
                5283,
                25920,
                654,
                37189,
                368,
                3610,
                553,
                2887,
                11,
                50984
            ],
            "temperature": 0.0,
            "avg_logprob": -0.20575681833120493,
            "compression_ratio": 1.401098901098901,
            "no_speech_prob": 0.6407052278518677
        },
        {
            "id": 9,
            "seek": 20848,
            "start": 220.88,
            "end": 224.79999999999998,
            "text": " se entonar\u00e1n los himnos nacionales de M\u00e9xico y de Guatemala.",
            "tokens": [
                50984,
                369,
                948,
                266,
                289,
                7200,
                1750,
                796,
                16751,
                29836,
                279,
                368,
                28128,
                288,
                368,
                43120,
                13,
                51180
            ],
            "temperature": 0.0,
            "avg_logprob": -0.20575681833120493,
            "compression_ratio": 1.401098901098901,
            "no_speech_prob": 0.6407052278518677
        },
        {
            "id": 10,
            "seek": 59848,
            "start": 598.48,
            "end": 619.12,
            "text": " Es as\u00ed como finaliza esta ceremonia. Que tengan todos muy buenos d\u00edas.",