{
    "text": " Trabajando a la tierra, s\u00ed, Trabasque\u00f1a. En Tabasco se vive la vida. En Tabasco se olvidan las penas. Que viva mi tierra, porque es la m\u00e1s bella. No hay como mi tierra, s\u00ed, Trabasque\u00f1a. La perla de la chuntalpa, son dos ricos cacaotales. Que no llegan de esperanza como alcalde. Tierra linda, la perla de la chuntalpa. Eres una de hombres valientes. El hombre.",
    "segments": [
        {
            "id": 0,
            "seek": 3000,
            "start": 30.0,
            "end": 33.64,
            "text": " Trabajando a la tierra, s\u00ed, Trabasque\u00f1a.",
            "tokens": [
                50364,
                314,
                5305,
                1805,
                1806,
                257,
                635,
                33416,
                11,
                8600,
                11,
                314,
                5305,
                296,
                1077,
                12150,
                13,
                50546
            ],
            "temperature": 0.6,
            "avg_logprob": -0.6934394836425781,
            "compression_ratio": 1.5220125786163523,
            "no_speech_prob": 0.9076653718948364
        },
        {
            "id": 1,
            "seek": 3000,
            "start": 33.72,
            "end": 38.16,
            "text": " En Tabasco se vive la vida.",
            "tokens": [
                50550,
                2193,
                14106,
                296,
                1291,
                369,
                28927,
                635,
                7644,
                13,
                50772
            ],
            "temperature": 0.6,
            "avg_logprob": -0.6934394836425781,
            "compression_ratio": 1.5220125786163523,
            "no_speech_prob": 0.9076653718948364
        },
        {
            "id": 2,
            "seek": 3000,
            "start": 38.24,
            "end": 42.28,
            "text": " En Tabasco se olvidan las penas.",
            "tokens": [
                50776,
                2193,
                14106,
                296,
                1291,
                369,
                43194,
                282,
                2439,
                3435,
                296,
                13,
                50978
            ],
            "temperature": 0.6,
            "avg_logprob": -0.6934394836425781,
            "compression_ratio": 1.5220125786163523,
            "no_speech_prob": 0.9076653718948364
        },
        {
            "id": 3,
            "seek": 3000,
            "start": 42.36,
            "end": 47.08,
            "text": " Que viva mi tierra, porque es la m\u00e1s bella.",
            "tokens": [
                50982,
                4493,
                371,
                5931,
                2752,
                33416,
                11,
                4021,
                785,
                635,
                3573,
                312,
                3505,
                13,
                51218
            ],
            "temperature": 0.6,
            "avg_logprob": -0.6934394836425781,
            "compression_ratio": 1.5220125786163523,
            "no_speech_prob": 0.9076653718948364
        },
        {
            "id": 4,
            "seek": 3000,
            "start": 47.16,
            "end": 51.04,
            "text": " No hay como mi tierra, s\u00ed, Trabasque\u00f1a.",
            "tokens": [
                51222,
                883,
                4842,
                2617,
                2752,
                33416,
                11,
                8600,
                11,
                314,
                5305,
                296,
                1077,
                12150,
                13,
                51416
            ],
            "temperature": 0.6,
            "avg_logprob": -0.6934394836425781,
            "compression_ratio": 1.5220125786163523,
            "no_speech_prob": 0.9076653718948364
        },
        {
            "id": 5,
            "seek": 3000,
            "start": 55.96,
            "end": 59.56,
            "text": " La perla de la chuntalpa, son dos ricos cacaotales.",
            "tokens": [
                51662,
                2369,
                680,
                875,
                368,
                635,
                417,
                2760,
                304,
                4306,
                11,
                1872,
                4491,
                367,
                9940,
                269,
                6628,
                310,
                4229,
                13,
                51842
            ],
            "temperature": 0.6,
            "avg_logprob": -0.6934394836425781,
            "compression_ratio": 1.5220125786163523,
            "no_speech_prob": 0.9076653718948364
        },
        {
            "id": 6,
            "seek": 5956,
            "start": 59.800000000000004,
            "end": 62.64,
            "text": " Que no llegan de esperanza como alcalde.",
            "tokens": [
                50376,
                4493,
                572,
                11234,
                282,
                368,
                10045,
                20030,
                2617,
                419,
                9895,
                1479,
                13,
                50518
            ],
            "temperature": 0.0,
            "avg_logprob": -0.4634309728094872,
            "compression_ratio": 1.2079207920792079,
            "no_speech_prob": 0.07718904316425323
        },
        {
            "id": 7,
            "seek": 5956,
            "start": 62.72,
            "end": 65.76,
            "text": " Tierra linda, la perla de la chuntalpa.",
            "tokens": [
                50522,
                314,
                17452,
                287,
                6837,
                11,
                635,
                680,
                875,
                368,
                635,
                417,
                2760,
                304,
                4306,
                13,
                50674
            ],
            "temperature": 0.0,
            "avg_logprob": -0.4634309728094872,
            "compression_ratio": 1.2079207920792079,
            "no_speech_prob": 0.07718904316425323
        },
        {
            "id": 8,
            "seek": 5956,
            "start": 65.84,
            "end": 68.2,
            "text": " Eres una de hombres valientes.",
            "tokens": [
                50678,
                462,
                495,
                2002,
                368,
                37988,
                1323,
                20135,
                13,
                50796
            ],
            "temperature": 0.0,
            "avg_logprob": -0.4634309728094872,
            "compression_ratio": 1.2079207920792079,
            "no_speech_prob": 0.07718904316425323
        },
        {
            "id": 9,
            "seek": 5956,
            "start": 68.28,
            "end": 69.76,
            "text": " El hombre.",
            "tokens": [
                50800,
                2699,
                26102,
                13,
                50874
            ],
            "temperature": 0.0,
            "avg_logprob": -0.4634309728094872,
            "compression_ratio": 1.2079207920792079,
            "no_speech_prob": 0.07718904316425323
        }
    ],
    "language": "es"
}