{
    "text": " M\u00e1s informaci\u00f3n en www.alimmenta.com M\u00e1s informaci\u00f3n en www.alimmenta.com M\u00e1s informaci\u00f3n en www.alimmenta.com M\u00e1s informaci\u00f3n en www.alimmenta.com M\u00e1s informaci\u00f3n en www.alimmenta.com M\u00e1s informaci\u00f3n en www.alimmenta.com M\u00e1s informaci\u00f3n en www.alimmenta.com M\u00e1s informaci\u00f3n en www.alimmenta.com M\u00e1s informaci\u00f3n en www.alimmenta.com M\u00e1s informaci\u00f3n en www.alimmenta.com M\u00e1s informaci\u00f3n en www.alimmenta.com M\u00e1s informaci\u00f3n en www.alimmenta.com",
    "segments": [
        {
            "id": 0,
            "seek": 6000,
            "start": 60.0,
            "end": 70.0,
            "text": " M\u00e1s informaci\u00f3n en www.alimmenta.com",
            "tokens": [
                50364,
                376,
                2490,
                21660,
                465,
                12520,
                13,
                304,
                332,
                518,
                64,
                13,
                1112,
                50864
            ],
            "temperature": 0.6,
            "avg_logprob": -0.9155489603678385,
            "compression_ratio": 0.8260869565217391,
            "no_speech_prob": 0.934208869934082
        },
        {
            "id": 1,
            "seek": 9000,
            "start": 90.0,
            "end": 100.0,
            "text": " M\u00e1s informaci\u00f3n en www.alimmenta.com",
            "tokens": [
                50364,
                376,
                2490,
                21660,
                465,
                12520,
                13,
                304,
                332,
                518,
                64,
                13,
                1112,
                50864
            ],
            "temperature": 0.0,
            "avg_logprob": -0.26190136273701986,
            "compression_ratio": 0.8260869565217391,
            "no_speech_prob": 0.9771512746810913
        },
        {
            "id": 2,
            "seek": 12000,
            "start": 120.0,
            "end": 130.0,
            "text": " M\u00e1s informaci\u00f3n en www.alimmenta.com",
            "tokens": [
                50364,
                376,
                2490,
                21660,
                465,
                12520,
                13,
                304,
                332,
                518,
                64,
                13,
                1112,
                50864
            ],
            "temperature": 0.0,
            "avg_logprob": -0.13000941276550293,
            "compression_ratio": 0.8260869565217391,
            "no_speech_prob": 0.9826627969741821
        },
        {
            "id": 3,
            "seek": 15000,
            "start": 150.0,
            "end": 160.0,
            "text": " M\u00e1s informaci\u00f3n en www.alimmenta.com",
            "tokens": [
                50364,
                376,
                2490,
                21660,
                465,
                12520,
                13,
                304,
                332,
                518,
                64,
                13,
                1112,
                50864
            ],
            "temperature": 0.0,
            "avg_logprob": -0.10466760794321696,
            "compression_ratio": 0.8260869565217391,
            "no_speech_prob": 0.9859910607337952
        },
        {
            "id": 4,
            "seek": 18000,
            "start": 180.0,
            "end": 190.0,
            "text": " M\u00e1s informaci\u00f3n en www.alimmenta.com",
            "tokens": [
                50364,
                376,
                2490,
                21660,
                465,
                12520,
                13,
                304,
                332,
                518,
                64,
                13,
                1112,
                50864
            ],
            "temperature": 0.0,
            "avg_logprob": -0.09006849129994711,
            "compression_ratio": 0.8260869565217391,
            "no_speech_prob": 0.9886696338653564
        },
        {
            "id": 5,
            "seek": 21000,
            "start": 210.0,
            "end": 220.0,
            "text": " M\u00e1s informaci\u00f3n en www.alimmenta.com",
            "tokens": [
                50364,
                376,
                2490,
                21660,
                465,
                12520,
                13,
                304,
                332,
                518,
                64,
                13,
                1112,
                50864
            ],
            "temperature": 0.0,
            "avg_logprob": -0.0823407252629598,
            "compression_ratio": 0.8260869565217391,
            "no_speech_prob": 0.9904741644859314
        },
        {
            "id": 6,
            "seek": 24000,
            "start": 240.0,
            "end": 250.0,
            "text": " M\u00e1s informaci\u00f3n en www.alimmenta.com",
            "tokens": [
                50364,
                376,
                2490,
                21660,
                465,
                12520,
                13,
                304,
                332,
                518,
                64,
                13,
                1112,
                50864
            ],
            "temperature": 0.0,
            "avg_logprob": -0.07429184913635253,
            "compression_ratio": 0.8260869565217391,
            "no_speech_prob": 0.9914677143096924
        },
        {
            "id": 7,
            "seek": 27000,
            "start": 270.0,
            "end": 280.0,
            "text": " M\u00e1s informaci\u00f3n en www.alimmenta.com",
            "tokens": [
                50364,
                376,
                2490,
                21660,
                465,
                12520,
                13,
                304,
                332,
                518,
                64,
                13,
                1112,
                50864
            ],
            "temperature": 0.0,
            "avg_logprob": -0.069549028078715,
            "compression_ratio": 0.8260869565217391,
            "no_speech_prob": 0.9922040700912476
        },
        {
            "id": 8,
            "seek": 30000,
            "start": 300.0,
            "end": 310.0,
            "text": " M\u00e1s informaci\u00f3n en www.alimmenta.com",
            "tokens": [
                50364,
                376,
                2490,
                21660,
                465,
                12520,
                13,
                304,
                332,
                518,
                64,
                13,
                1112,
                50864
            ],
            "temperature": 0.0,
            "avg_logprob": -0.06434656778971354,
            "compression_ratio": 0.8260869565217391,
            "no_speech_prob": 0.9926362037658691
        },
        {
            "id": 9,
            "seek": 33000,
            "start": 330.0,
            "end": 340.0,
            "text": " M\u00e1s informaci\u00f3n en www.alimmenta.com",
            "tokens": [
                50364,
                376,
                2490,
                21660,
                465,
                12520,
                13,
                304,
                332,
                518,
                64,
                13,
                1112,
                50864
            ],
            "temperature": 0.0,
            "avg_logprob": -0.059531545639038085,
            "compression_ratio": 0.8260869565217391,
            "no_speech_prob": 0.9930562376976013
        },
        {
            "id": 10,
            "seek": 36000,
            "start": 360.0,
            "end": 370.0,
            "text": " M\u00e1s informaci\u00f3n en www.alimmenta.com",