{
    "text": " M\u00e9xico.",
    "segments": [
        {
            "id": 0,
            "seek": 12000,
            "start": 120.0,
            "end": 120.5,
            "text": " M\u00e9xico.",
            "tokens": [
                50364,
                28128,
                13,
                50389
            ],
            "temperature": 0.0,
            "avg_logprob": -0.5221140384674072,
            "compression_ratio": 0.5,
            "no_speech_prob": 0.577032744884491
        }
    ],
    "language": "es"
}